{
    "NUM_TightRelIso_DEN_LooseID": {
        "abseta_pt": {
            "abseta:[0.0,0.9]": {
                "pt:[15,20]": {
                    "stat": 0.0011813492218443046,
                    "value": 0.9831157337212554
                },
                "pt:[20,25]": {
                    "stat": 0.0005781459762993973,
                    "value": 0.9900805494056573
                },
                "pt:[25,30]": {
                    "stat": 0.0003230466353662712,
                    "value": 0.9982104849588823
                },
                "pt:[30,40]": {
                    "stat": 0.00011120368292731435,
                    "value": 0.9986762256672952
                },
                "pt:[40,50]": {
                    "stat": 5.7390137780744155e-05,
                    "value": 0.9991047309498614
                },
                "pt:[50,60]": {
                    "stat": 0.00011631020726687051,
                    "value": 0.9991599503515385
                },
                "pt:[60,120]": {
                    "stat": 0.00014232597607325798,
                    "value": 0.9999847965140041
                }
            },
            "abseta:[0.9,1.2]": {
                "pt:[15,20]": {
                    "stat": 0.0016419549892644988,
                    "value": 0.9636818778965216
                },
                "pt:[20,25]": {
                    "stat": 0.0009735567093353248,
                    "value": 0.9817646669101454
                },
                "pt:[25,30]": {
                    "stat": 0.0006385514379720336,
                    "value": 0.9950986551112212
                },
                "pt:[30,40]": {
                    "stat": 0.0002219778028143466,
                    "value": 0.9963298542161334
                },
                "pt:[40,50]": {
                    "stat": 0.0001033669980399428,
                    "value": 0.9980262080231439
                },
                "pt:[50,60]": {
                    "stat": 0.00021075563654236816,
                    "value": 0.9987169233770659
                },
                "pt:[60,120]": {
                    "stat": 0.000254622548134883,
                    "value": 0.9995270150306415
                }
            },
            "abseta:[1.2,2.1]": {
                "pt:[15,20]": {
                    "stat": 0.0008276310262217298,
                    "value": 0.984909272747009
                },
                "pt:[20,25]": {
                    "stat": 0.0004884673259522099,
                    "value": 0.994694431678378
                },
                "pt:[25,30]": {
                    "stat": 0.00032705948044918585,
                    "value": 1.0015883829822956
                },
                "pt:[30,40]": {
                    "stat": 0.00013032558542223874,
                    "value": 1.0001431584434735
                },
                "pt:[40,50]": {
                    "stat": 5.642229176375297e-05,
                    "value": 0.9997725542302885
                },
                "pt:[50,60]": {
                    "stat": 0.0001232823718392567,
                    "value": 0.9997802905220771
                },
                "pt:[60,120]": {
                    "stat": 0.0001583362202737442,
                    "value": 0.9998078170195425
                }
            },
            "abseta:[2.1,2.4]": {
                "pt:[15,20]": {
                    "stat": 0.0014335998099247566,
                    "value": 0.9984313307876435
                },
                "pt:[20,25]": {
                    "stat": 0.000840023941135537,
                    "value": 1.0046315157543209
                },
                "pt:[25,30]": {
                    "stat": 0.0005631203882303384,
                    "value": 1.005950525685425
                },
                "pt:[30,40]": {
                    "stat": 0.00022841914452817767,
                    "value": 1.0025227797544682
                },
                "pt:[40,50]": {
                    "stat": 0.00012094772266670383,
                    "value": 1.0008434906043382
                },
                "pt:[50,60]": {
                    "stat": 0.0002636260933984715,
                    "value": 1.000206561716334
                },
                "pt:[60,120]": {
                    "stat": 0.00037090280811599734,
                    "value": 1.000780715033354
                }
            },
            "binning": [
                {
                    "binning": [
                        0,
                        0.9,
                        1.2,
                        2.1,
                        2.4
                    ],
                    "variable": "abseta"
                },
                {
                    "binning": [
                        15.0,
                        20.0,
                        25.0,
                        30.0,
                        40.0,
                        50.0,
                        60.0,
                        120.0
                    ],
                    "variable": "pt"
                }
            ]
        }
    }
}