{
    "NUM_TightRelIso_DEN_LooseID": {
        "abseta_pt": {
            "abseta:[0.0,0.9]": {
                "pt:[15,20]": {
                    "stat": 0.0016415801232690446,
                    "value": 0.9769745706997602
                },
                "pt:[20,25]": {
                    "stat": 0.0008510392708905531,
                    "value": 0.9842069883339294
                },
                "pt:[25,30]": {
                    "stat": 0.000499486874648113,
                    "value": 0.9964240013907846
                },
                "pt:[30,40]": {
                    "stat": 0.00019204555675287447,
                    "value": 0.9960338754184663
                },
                "pt:[40,50]": {
                    "stat": 0.00011847801423519836,
                    "value": 0.9966962850803476
                },
                "pt:[50,60]": {
                    "stat": 0.0002189122494960901,
                    "value": 0.9965690090573908
                },
                "pt:[60,120]": {
                    "stat": 0.0002240094453714703,
                    "value": 0.99860755512759
                }
            },
            "abseta:[0.9,1.2]": {
                "pt:[15,20]": {
                    "stat": 0.002317833089778233,
                    "value": 0.9506254072867381
                },
                "pt:[20,25]": {
                    "stat": 0.0014550537398103803,
                    "value": 0.9709716051574322
                },
                "pt:[25,30]": {
                    "stat": 0.0009929529892756081,
                    "value": 0.9875438972364249
                },
                "pt:[30,40]": {
                    "stat": 0.00038391602236566297,
                    "value": 0.9886439052586766
                },
                "pt:[40,50]": {
                    "stat": 0.00021638387921091417,
                    "value": 0.9923467877358322
                },
                "pt:[50,60]": {
                    "stat": 0.00039511377173886346,
                    "value": 0.9936841348920424
                },
                "pt:[60,120]": {
                    "stat": 0.0016874479936058208,
                    "value": 0.9974801063185692
                }
            },
            "abseta:[1.2,2.1]": {
                "pt:[15,20]": {
                    "stat": 0.0012119069511803452,
                    "value": 0.9809843599764
                },
                "pt:[20,25]": {
                    "stat": 0.0007583758515118576,
                    "value": 0.993586927379766
                },
                "pt:[25,30]": {
                    "stat": 0.0005210256442786777,
                    "value": 1.002034255830468
                },
                "pt:[30,40]": {
                    "stat": 0.00022253868954025908,
                    "value": 0.9997552828165304
                },
                "pt:[40,50]": {
                    "stat": 0.00011581774404771174,
                    "value": 0.9993515973548732
                },
                "pt:[50,60]": {
                    "stat": 0.0002182661415722133,
                    "value": 0.9992352682670903
                },
                "pt:[60,120]": {
                    "stat": 0.009206372266463744,
                    "value": 0.9992233851898449
                }
            },
            "abseta:[2.1,2.4]": {
                "pt:[15,20]": {
                    "stat": 0.0021287428882576223,
                    "value": 1.0027801314133458
                },
                "pt:[20,25]": {
                    "stat": 0.0013511086338203917,
                    "value": 1.0095059411921805
                },
                "pt:[25,30]": {
                    "stat": 0.000927837082225587,
                    "value": 1.0129479702276647
                },
                "pt:[30,40]": {
                    "stat": 0.00041013099092206926,
                    "value": 1.0087077926603927
                },
                "pt:[40,50]": {
                    "stat": 0.0002459986688489594,
                    "value": 1.004511345377523
                },
                "pt:[50,60]": {
                    "stat": 0.0004724605466874604,
                    "value": 1.0023818737814516
                },
                "pt:[60,120]": {
                    "stat": 0.0005544340409528386,
                    "value": 1.001982641998411
                }
            },
            "binning": [
                {
                    "binning": [
                        0,
                        0.9,
                        1.2,
                        2.1,
                        2.4
                    ],
                    "variable": "abseta"
                },
                {
                    "binning": [
                        15.0,
                        20.0,
                        25.0,
                        30.0,
                        40.0,
                        50.0,
                        60.0,
                        120.0
                    ],
                    "variable": "pt"
                }
            ]
        }
    }
}