{
    "NUM_LooseID_DEN_TrackerMuons": {
        "abseta_pt": {
            "abseta:[0.0,0.9]": {
                "pt:[15,20]": {
                    "stat": 0.0014538650912175814,
                    "value": 0.9991383539634154
                },
                "pt:[20,25]": {
                    "stat": 0.0004899387776348803,
                    "value": 0.9998977152751646
                },
                "pt:[25,30]": {
                    "stat": 0.00020309958016776516,
                    "value": 1.0005397004349281
                },
                "pt:[30,40]": {
                    "stat": 6.217630758899211e-05,
                    "value": 1.0003551169413134
                },
                "pt:[40,50]": {
                    "stat": 4.119754290535134e-05,
                    "value": 1.0002663471440352
                },
                "pt:[50,60]": {
                    "stat": 0.00012685520836844779,
                    "value": 1.0000518995232812
                },
                "pt:[60,120]": {
                    "stat": 0.00022193634223003104,
                    "value": 1.000633639541228
                }
            },
            "abseta:[0.9,1.2]": {
                "pt:[15,20]": {
                    "stat": 0.0019232134591718165,
                    "value": 0.9998020203319811
                },
                "pt:[20,25]": {
                    "stat": 0.0008374835292669296,
                    "value": 1.0012305070980738
                },
                "pt:[25,30]": {
                    "stat": 0.00042304729623845176,
                    "value": 0.9991634859617053
                },
                "pt:[30,40]": {
                    "stat": 0.0001393196555252391,
                    "value": 0.9985547522264356
                },
                "pt:[40,50]": {
                    "stat": 8.650980893626355e-05,
                    "value": 0.9986647845087647
                },
                "pt:[50,60]": {
                    "stat": 0.00024364109325967552,
                    "value": 0.9993079854964145
                },
                "pt:[60,120]": {
                    "stat": 0.00042038335578672135,
                    "value": 0.9993492910799898
                }
            },
            "abseta:[1.2,2.1]": {
                "pt:[15,20]": {
                    "stat": 0.000520719145826533,
                    "value": 1.000769706367108
                },
                "pt:[20,25]": {
                    "stat": 0.00045810089658802677,
                    "value": 0.9995367032379863
                },
                "pt:[25,30]": {
                    "stat": 0.00023332245622787191,
                    "value": 0.9991931042305765
                },
                "pt:[30,40]": {
                    "stat": 8.909312728952531e-05,
                    "value": 0.9988380367838052
                },
                "pt:[40,50]": {
                    "stat": 5.2395062932178385e-05,
                    "value": 0.9989285957813598
                },
                "pt:[50,60]": {
                    "stat": 0.0001566521512742079,
                    "value": 0.9988879863593106
                },
                "pt:[60,120]": {
                    "stat": 0.00022626326864998118,
                    "value": 0.9994539876408808
                }
            },
            "abseta:[2.1,2.4]": {
                "pt:[15,20]": {
                    "stat": 0.0010125452314791302,
                    "value": 1.0028556322857438
                },
                "pt:[20,25]": {
                    "stat": 0.0009427923845039157,
                    "value": 0.9999213562770793
                },
                "pt:[25,30]": {
                    "stat": 0.0005057694816708523,
                    "value": 0.9986821562354227
                },
                "pt:[30,40]": {
                    "stat": 0.00020867141750867377,
                    "value": 0.9971134859728029
                },
                "pt:[40,50]": {
                    "stat": 0.00015054935842320224,
                    "value": 0.9964603348093416
                },
                "pt:[50,60]": {
                    "stat": 0.0004855242106616937,
                    "value": 0.9976996899389365
                },
                "pt:[60,120]": {
                    "stat": 0.0010641909133486062,
                    "value": 0.99779672582497
                }
            },
            "binning": [
                {
                    "binning": [
                        0,
                        0.9,
                        1.2,
                        2.1,
                        2.4
                    ],
                    "variable": "abseta"
                },
                {
                    "binning": [
                        15.0,
                        20.0,
                        25.0,
                        30.0,
                        40.0,
                        50.0,
                        60.0,
                        120.0
                    ],
                    "variable": "pt"
                }
            ]
        }
    }
}